<?xml version="1.0" encoding="utf-8" ?>
<!--
/**
 * Copyright © 2020 MageXtensions. All rights reserved.
 * See LICENSE.txt for license details.
 */
-->
<config xmlns:xsi="http://www.w3.org/2001/XMLSchema-instance"
        xsi:noNamespaceSchemaLocation="urn:magento:module:Magento_Config:etc/system_file.xsd">
    <system>
        <section id="carriers">
            <group id="tntexpressconnect" translate="label" type="text" sortOrder="30" showInDefault="1" showInWebsite="1" showInStore="1">
                <label>TNT Express Connect</label>
                <field id="active" translate="label" type="select" sortOrder="10" showInDefault="1" showInWebsite="1" showInStore="0">
                    <label>Enabled</label>
                    <source_model>Magento\Config\Model\Config\Source\Yesno</source_model>
                </field>
                <field id="licence_key" translate="label" type="text" sortOrder="20" showInDefault="1" showInWebsite="1" showInStore="1">
                    <label>Licence Key</label>
                    <depends>
                        <field id="*/*/active">1</field>
                    </depends>
                    <backend_model>MageXtensions\TntExpressConnect\Model\Config\Backend\Api</backend_model>
                    <validate>validate-no-empty</validate>
                </field>
                <field id="title" translate="label" type="text" sortOrder="30" showInDefault="1" showInWebsite="1" showInStore="1">
                    <label>Title</label>
                </field>
                <field id="tnt_username" translate="label" type="text" sortOrder="40" showInDefault="1" showInWebsite="1" showInStore="1">
                    <label>TNT Username</label>
                    <depends>
                        <field id="*/*/active">1</field>
                    </depends>
                    <validate>validate-no-empty</validate>
                </field>
                <field id="tnt_password" translate="label" type="text" sortOrder="50" showInDefault="1" showInWebsite="1" showInStore="1">
                    <label>TNT Password</label>
                    <depends>
                        <field id="*/*/active">1</field>
                    </depends>
                    <validate>validate-no-empty</validate>
                </field>
                <field id="tnt_account" translate="label" type="text" sortOrder="60" showInDefault="1" showInWebsite="1" showInStore="1">
                    <label>TNT Account No.</label>
                    <depends>
                        <field id="*/*/active">1</field>
                    </depends>
                    <validate>validate-no-empty</validate>
                </field>
                <field id="tnt_country" translate="label" type="select" sortOrder="61" showInDefault="1" showInWebsite="1" showInStore="1">
                    <label>TNT Account Country</label>
                    <source_model>Magento\Directory\Model\Config\Source\Country</source_model>
                    <depends>
                        <field id="*/*/active">1</field>
                    </depends>
                    <validate>validate-no-empty</validate>
                    <comment><![CDATA[The country where the TNT Account is held.]]></comment>
                </field>
                <field id="tracking_url" translate="label" type="text" sortOrder="62" showInDefault="1" showInWebsite="1" showInStore="1">
                    <label>TNT Tracking URL</label>
                    <comment><![CDATA[Your local TNT's website tracking URL.]]></comment>
                </field>
                <field id="services_allowed" translate="label" type="multiselect" sortOrder="70" showInDefault="1" showInWebsite="1" showInStore="1">
                    <label>Services Allowed</label>
                    <source_model>MageXtensions\TntExpressConnect\Model\Config\Source\Services</source_model>
                </field>
                <field id="is_document" translate="label" type="select" sortOrder="80" showInDefault="1" showInWebsite="1" showInStore="1">
                    <label>Send as Document</label>
                    <source_model>Magento\Config\Model\Config\Source\Yesno</source_model>
                </field>
                <field id="dangerous_goods" translate="label" type="select" sortOrder="90" showInDefault="1" showInWebsite="1" showInStore="1">
                    <label>Dangerous Goods?</label>
                    <source_model>Magento\Config\Model\Config\Source\Yesno</source_model>
                </field>
                <field id="default_length" translate="label" type="text" sortOrder="100" showInDefault="1" showInWebsite="1" showInStore="1">
                    <label>Default Package Length</label>
                </field>
                <field id="default_width" translate="label" type="text" sortOrder="101" showInDefault="1" showInWebsite="1" showInStore="1">
                    <label>Default Package Width</label>
                </field>
                <field id="default_height" translate="label" type="text" sortOrder="102" showInDefault="1" showInWebsite="1" showInStore="1">
                    <label>Default Package Height</label>
                </field>
                <field id="handling_type" translate="label" type="select" sortOrder="110" showInDefault="1" showInWebsite="1" showInStore="1">
                    <label>Handling Type</label>
                    <source_model>MageXtensions\TntExpressConnect\Model\Config\Source\Handling</source_model>
                </field>
                <field id="handling_action" translate="label comment" type="select" sortOrder="111" showInDefault="1" showInWebsite="1" showInStore="0" canRestore="1">
                    <label>Handling Applied</label>
                    <comment>"Per Order" allows a single handling fee for the entire order. "Per Package" allows an individual handling fee for each package.</comment>
                    <source_model>Magento\Shipping\Model\Source\HandlingAction</source_model>
                </field>
                <field id="handling_fee" translate="label" type="text" sortOrder="112" showInDefault="1" showInWebsite="1" showInStore="1">
                    <label>Handling Fee</label>
                </field>
                <field id="insurance_enable" translate="label" type="select" sortOrder="120" showInDefault="1" showInWebsite="1" showInStore="1">
                    <label>Enable Insurance Option?</label>
                    <source_model>Magento\Config\Model\Config\Source\Yesno</source_model>
                </field>
                <field id="insurance_percentage" translate="label" type="text" sortOrder="121" showInDefault="1" showInWebsite="1" showInStore="0">
                    <label>Insurance Percentage</label>
                    <validate>validate-number validate-zero-or-greater</validate>
                    <depends>
                        <field id="insurance_enable">1</field>
                    </depends>
                    <comment><![CDATA[Insurance value cannot be more than 110% of the goods value.]]></comment>
                </field>
                <field id="free_shipping_enable" translate="label" type="select" sortOrder="130" showInDefault="1" showInWebsite="1" showInStore="0">
                    <label>Enable Free Shipping Threshold</label>
                    <source_model>Magento\Config\Model\Config\Source\Enabledisable</source_model>
                </field>
                <field id="free_shipping_subtotal" translate="label" type="text" sortOrder="131" showInDefault="1" showInWebsite="1" showInStore="0">
                    <label>Free Shipping Amount Threshold</label>
                    <validate>validate-number validate-zero-or-greater</validate>
                    <depends>
                        <field id="free_shipping_enable">1</field>
                    </depends>
                </field>
                <field id="days_collection" translate="label" type="text" sortOrder="141" showInDefault="1" showInWebsite="1" showInStore="1">
                    <label>Days Before TNT Collection</label>
                    <comment><![CDATA[Leave empty for same day collection]]></comment>
                </field>
                <field id="holidays" translate="label" type="textarea" sortOrder="142" showInDefault="1" showInWebsite="1" showInStore="1">
                    <label>Public Holidays</label>
                    <comment><![CDATA[Comma-separated list of public holidays. Date format should be YYYY-MM-DD.]]></comment>
                </field>
                <field id="sallowspecific" translate="label" type="select" sortOrder="145" showInDefault="1" showInWebsite="1" showInStore="0" canRestore="1">
                    <label>Ship to Applicable Countries</label>
                    <frontend_class>shipping-applicable-country</frontend_class>
                    <source_model>Magento\Shipping\Model\Config\Source\Allspecificcountries</source_model>
                </field>
                <field id="specificcountry" translate="label" type="multiselect" sortOrder="146" showInDefault="1" showInWebsite="1" showInStore="0">
                    <label>Ship to Specific Countries</label>
                    <source_model>Magento\Directory\Model\Config\Source\Country</source_model>
                    <can_be_empty>1</can_be_empty>
                </field>
                <field id="showmethod" translate="label" type="select" sortOrder="150" showInDefault="1" showInWebsite="1" showInStore="0">
                    <label>Show Method If Not Applicable</label>
                    <source_model>Magento\Config\Model\Config\Source\Yesno</source_model>
                </field>
                <field id="specificerrmsg" translate="label" type="textarea" sortOrder="151" showInDefault="1" showInWebsite="1" showInStore="1">
                    <label>Error Message</label>
                    <depends>
                        <field id="*/*/showmethod">1</field>
                    </depends>
                </field>
                <field id="debug" translate="label" type="select" sortOrder="920" showInDefault="1" showInWebsite="1" showInStore="0">
                    <label>Debug</label>
                    <source_model>Magento\Config\Model\Config\Source\Yesno</source_model>
                </field>
            </group>
        </section>
    </system>
</config>
