<?xml version="1.0"?>
<!--
/**
 * Mageplaza
 *
 * NOTICE OF LICENSE
 *
 * This source file is subject to the Mageplaza.com license that is
 * available through the world-wide-web at this URL:
 * https://www.mageplaza.com/LICENSE.txt
 *
 * DISCLAIMER
 *
 * Do not edit or add to this file if you wish to upgrade this extension to newer
 * version in the future.
 *
 * @category    Mageplaza
 * @package     Mageplaza_TableRateShipping
 * @copyright   Copyright (c) Mageplaza (https://www.mageplaza.com/)
 * @license     https://www.mageplaza.com/LICENSE.txt
 */
-->
<config xmlns:xsi="http://www.w3.org/2001/XMLSchema-instance" xsi:noNamespaceSchemaLocation="urn:magento:framework:ObjectManager/etc/config.xsd">
    <type name="Magento\Framework\View\Element\UiComponent\DataProvider\CollectionFactory">
        <arguments>
            <argument name="collections" xsi:type="array">
                <item name="mptablerate_rate_grid_data_source" xsi:type="string">Mageplaza\TableRateShipping\Model\ResourceModel\Rate\Grid\Collection</item>
                <item name="mptablerate_method_grid_data_source" xsi:type="string">Mageplaza\TableRateShipping\Model\ResourceModel\Method\Grid\Collection</item>
            </argument>
        </arguments>
    </type>
    <type name="Mageplaza\TableRateShipping\Model\ResourceModel\Rate\Grid\Collection">
        <arguments>
            <argument name="mainTable" xsi:type="string">mageplaza_tablerate_rate</argument>
            <argument name="resourceModel" xsi:type="string">Mageplaza\TableRateShipping\Model\ResourceModel\Rate</argument>
        </arguments>
    </type>
    <type name="Mageplaza\TableRateShipping\Model\ResourceModel\Method\Grid\Collection">
        <arguments>
            <argument name="mainTable" xsi:type="string">mageplaza_tablerate_method</argument>
            <argument name="resourceModel" xsi:type="string">Mageplaza\TableRateShipping\Model\ResourceModel\Method</argument>
        </arguments>
    </type>

    <type name="Magento\Quote\Model\Cart\ShippingMethodConverter">
        <plugin name="mptablerate_method_info" type="Mageplaza\TableRateShipping\Plugin\Model\Cart\ShippingMethodConverter"/>
    </type>
    <type name="Magento\Quote\Model\Quote\Address">
        <plugin name="mptablerate_method_info" type="Mageplaza\TableRateShipping\Plugin\Model\Quote\Address"/>
    </type>
    <type name="Magento\Catalog\Helper\Data">
        <plugin name="mptablerate_round" type="Mageplaza\TableRateShipping\Plugin\Helper\TaxPrice"/>
    </type>
</config>
