<?xml version="1.0" ?>
<!--
/**
 * @author Amasty Team
 * @copyright Copyright (c) 2023 Amasty (https://www.amasty.com)
 * @package RMA Base for Magento 2
 */-->
<widgets xmlns:xsi="http://www.w3.org/2001/XMLSchema-instance" xsi:noNamespaceSchemaLocation="urn:magento:helloworld:Magento_Widget:etc/widget.xsd">
    <widget class="Amasty\Rma\Block\Widget\ShippingLabelButton" id="print_shipping_label_button">
        <label translate="true">Amasty Download Shipping Label Button</label>
        <description translate="true">Add button to allow customer download shipping label at the RMA page.</description>
        <parameters>
            <parameter name="label" sort_order="10" visible="true" xsi:type="text">
                <label translate="true">Button Label</label>
            </parameter>
        </parameters>
    </widget>
    <widget class="Amasty\Rma\Block\Widget\PackingSlipButton" id="print_packing_slip_button">
        <label translate="true">Amasty Print Packing Slip Button</label>
        <description translate="true">Add button to allow customer print packing slip at the RMA page.</description>
        <parameters>
            <parameter name="label" sort_order="10" visible="true" xsi:type="text">
                <label translate="true">Button Label</label>
            </parameter>
        </parameters>
    </widget>
</widgets>
