<?xml version="1.0" encoding="utf-8"?>
<!--
/**
 * Copyright © 2020 MageXtensions. All rights reserved.
 * See LICENSE.txt for license details.
 */
-->
<config xmlns:xsi="http://www.w3.org/2001/XMLSchema-instance"
        xsi:noNamespaceSchemaLocation="urn:magento:framework:ObjectManager/etc/config.xsd">
    <preference for="Magento\Checkout\Block\Cart\LayoutProcessor"
                type="MageXtensions\TntExpressConnect\Model\Checkout\Block\Cart\Shipping" />
    <type name="Magento\Config\Model\Config\Export\ExcludeList">
        <arguments>
            <argument name="configs" xsi:type="array">
                <item name="carriers/tntexpressconnect/tnt_username" xsi:type="string">1</item>
                <item name="carriers/tntexpressconnect/tnt_password" xsi:type="string">1</item>
                <item name="carriers/tntexpressconnect/tnt_account" xsi:type="string">1</item>
            </argument>
        </arguments>
    </type>
    <type name="\Magento\Quote\Model\ShippingMethodManagement">
        <plugin name="tntShipping" type="MageXtensions\TntExpressConnect\Plugin\ShippingMethodManagement" sortOrder="1" disabled="false" />
    </type>
</config>