<?xml version="1.0" encoding="utf-8" ?>
<!--
/**
 * Copyright © 2020 MageXtensions. All rights reserved.
 * See LICENSE.txt for license details.
 */
-->
<config xmlns:xsi="http://www.w3.org/2001/XMLSchema-instance" xsi:noNamespaceSchemaLocation="urn:magento:framework:Module/etc/module.xsd">
    <module name="MageXtensions_TntExpressConnect" setup_version="2.3.0">
        <sequence>
            <module name="Magento_Checkout"/>
            <module name="Magento_Store"/>
            <module name="Magento_Sales"/>
            <module name="Magento_Quote"/>
            <module name="Magento_SalesRule"/>
        </sequence>
    </module>
</config>