"Affiliate Links and Banners","Affiliate Links and Banners"
"Affiliate Campaigns","Affiliate Campaigns"
"Balance History","Balance History"
Guest,Guest
"My Credit","My Credit"
"Signup Affiliate","Signup Affiliate"
"My Withdrawal","My Withdrawal"
"You can request withdraw when your balance equal or greater than %1","You can request withdraw when your balance equal or greater than %1"
"You can withdraw a minimum %1","You can withdraw a minimum %1"
"You can withdraw a maximum %1","You can withdraw a maximum %1"
"Save Account","Save Account"
"Save and Continue Edit","Save and Continue Edit"
"Edit Account '%1'","Edit Account '%1'"
"New Account","New Account"
"Account Information","Account Information"
Customer,Customer
"Affiliate Group","Affiliate Group"
Balance,Balance
"Holding Balance","Holding Balance"
"Referred By","Referred By"
"Referral Code","Referral Code"
Status,Status
"Email Notification","Email Notification"
"Affiliate account Id","Affiliate account Id"
Account,Account
Id,Id
Title,Title
"Action Type","Action Type"
Amount,Amount
"Store ","Store "
"Create at","Create at"
Action,Action
View,View
"Transaction Logs","Transaction Logs"
"Save Campaign","Save Campaign"
"Edit Campaign ""%1""","Edit Campaign ""%1"""
"New Campaign","New Campaign"
Actions,Actions
"Apply the rule only to cart items matching the following conditions (leave blank for all items","Apply the rule only to cart items matching the following conditions (leave blank for all items"
Commission,Commission
"Pay Per Commission","Pay Per Commission"
"Add Commission Type and Value","Add Commission Type and Value"
Commissions,Commissions
Discounts,Discounts
Discount,Discount
Apply,Apply
"Discount Value","Discount Value"
"Apply Discount On Tax","Apply Discount On Tax"
"Discount Description","Discount Description"
"Campaign Information","Campaign Information"
Name,Name
Description,Description
"Website IDs","Website IDs"
"Affiliate Groups","Affiliate Groups"
Display,Display
"Active From Date","Active From Date"
"Active To Date","Active To Date"
Priority,Priority
" If the conditions are met, the campaign with the lowest priority will be applied."," If the conditions are met, the campaign with the lowest priority will be applied."
"Campaign Referral Link","Campaign Referral Link"
"Referral Link","Referral Link"
"Please fill in the referral link you want to create for the campaign.
            If left blank will default to the only link placed in the Configuration section.","Please fill in the referral link you want to create for the campaign.
            If left blank will default to the only link placed in the Configuration section."
"Percentage of product price","Percentage of product price"
"Fixed amount","Fixed amount"
"Tier 1","Tier 1"
Add,Add
"Apply the rule only if the following conditions are met (leave blank for all products)","Apply the rule only if the following conditions are met (leave blank for all products)"
Condition,Condition
Conditions,Conditions
ID,ID
"First Name","First Name"
"Last Name","Last Name"
Email,Email
Group,Group
"Save Group","Save Group"
"New Group","New Group"
"Group Information","Group Information"
label,label
"Are you sure you want to cancel this transaction?","Are you sure you want to cancel this transaction?"
Cancel,Cancel
"Are you sure you want to complete this transaction?","Are you sure you want to complete this transaction?"
Complete,Complete
"View Transaction '%1'","View Transaction '%1'"
"Transaction Information","Transaction Information"
"Affiliate Account","Affiliate Account"
Type,Type
Order,Order
"Created by","Created by"
"This transaction will be holed to","This transaction will be holed to"
"Created Time","Created Time"
"Add or subtract affiliate's balance. E.g: 99 or -99","Add or subtract affiliate's balance. E.g: 99 or -99"
"Holding Transaction For","Holding Transaction For"
Transaction,Transaction
Save,Save
"Edit Withdraw '%1'","Edit Withdraw '%1'"
"New Withdraw","New Withdraw"
"Withdraw Information","Withdraw Information"
"Include fee.","Include fee."
Fee,Fee
"If empty, configuration value will be used.","If empty, configuration value will be used."
"Payment Method","Payment Method"
"Withdraw Description","Withdraw Description"
"Payment Detail","Payment Detail"
"If transaction is pending, you can complete by massaction on grid.","If transaction is pending, you can complete by massaction on grid."
"Transfer Amount","Transfer Amount"
"Real amount will be transfer to affiliate.","Real amount will be transfer to affiliate."
Withdraw,Withdraw
"Bank Transfer Infomation","Bank Transfer Infomation"
"Offline Address","Offline Address"
"Paypal Email","Paypal Email"
"Paypal transaction id","Paypal transaction id"
"Affiliate Discount","Affiliate Discount"
"Cannot find item.","Cannot find item."
"Saved successfully!","Saved successfully!"
"Something went wrong while saving the account.","Something went wrong while saving the account."
"Total of %1 email(s) has been sent successfully.","Total of %1 email(s) has been sent successfully."
"There is an error occurred while sending email to: %1. Please check and try again later.","There is an error occurred while sending email to: %1. Please check and try again later."
"Refer friends feature not available now. Please use this feature later.","Refer friends feature not available now. Please use this feature later."
Successfully,Successfully
"Coupon prefix is exists.","Coupon prefix is exists."
"Your account is not active. Please contact us.","Your account is not active. Please contact us."
"You have to agree with term and conditions.","You have to agree with term and conditions."
"Congratulations! You have successfully registered.","Congratulations! You have successfully registered."
"Congratulations! You have successfully registered. We will review your affiliate account and inform you once it's approved!","Congratulations! You have successfully registered. We will review your affiliate account and inform you once it's approved!"
"Something went wrong while saving the Account.","Something went wrong while saving the Account."
"Email sent successfully.","Email sent successfully."
"Error sending email: %1","Error sending email: %1"
"The withdraw has been canceled successfully.","The withdraw has been canceled successfully."
"Something went wrong while saving the request.","Something went wrong while saving the request."
"An error occur. Please contact us.","An error occur. Please contact us."
"Your request has been sent successfully. We will review your request and inform you once it's approved!","Your request has been sent successfully. We will review your request and inform you once it's approved!"
"Your balance is not enough for request withdraw.","Your balance is not enough for request withdraw."
"The withdraw amount have to equal or greater than %1","The withdraw amount have to equal or greater than %1"
"The withdraw amount have to equal or less than %1","The withdraw amount have to equal or less than %1"
"This account no longer exists.","This account no longer exists."
"The Account has been deleted.","The Account has been deleted."
"Account to delete was not found.","Account to delete was not found."
Accounts,Accounts
"Edit Account ""%1""","Edit Account ""%1"""
"A total of %1 record(s) have been changed.","A total of %1 record(s) have been changed."
"Can't remove the Parent Affiliate ID %1. Please remove child before.","Can't remove the Parent Affiliate ID %1. Please remove child before."
"A total of %1 record(s) have been deleted.","A total of %1 record(s) have been deleted."
"The customer ""%1"" has registed as an affiliate already.","The customer ""%1"" has registed as an affiliate already."
"Cannot find account referred.","Cannot find account referred."
"The Account has been created successfully.","The Account has been created successfully."
"The Account has been saved successfully.","The Account has been saved successfully."
"This campaign no longer exists.","This campaign no longer exists."
"The Campaign has been deleted.","The Campaign has been deleted."
"Campaign to delete was not found.","Campaign to delete was not found."
Campaigns,Campaigns
"Please correct the data sent.","Please correct the data sent."
"Something went wrong while saving the Campaign.","Something went wrong while saving the Campaign."
"The Campaign has been saved successfully.","The Campaign has been saved successfully."
Tier,Tier
"We found updated rules that are not applied. Please click ""Apply Rules"" to update your catalog.","We found updated rules that are not applied. Please click ""Apply Rules"" to update your catalog."
Promotions,Promotions
Groups,Groups
"Something went wrong while saving the Group.","Something went wrong while saving the Group."
"Cannot remove this group because a customer has already joined!","Cannot remove this group because a customer has already joined!"
"The Group has been created successfully.","The Group has been created successfully."
"The Transaction has been canceled.","The Transaction has been canceled."
"The Transaction has been completed.","The Transaction has been completed."
Transactions,Transactions
"A total of %1 record(s) have been checked.","A total of %1 record(s) have been checked."
"Account balance is not enough to create this transaction.","Account balance is not enough to create this transaction."
"The Transaction has been created.","The Transaction has been created."
"Something went wrong while saving the Transaction.","Something went wrong while saving the Transaction."
"View Transaction ""%1""","View Transaction ""%1"""
"This withdrawal no longer exists.","This withdrawal no longer exists."
Withdraws,Withdraws
"Edit Withdraw ""#%1""","Edit Withdraw ""#%1"""
"A total of %1 record(s) have been approved successfully.","A total of %1 record(s) have been approved successfully."
"Module Store Credit (v4.0.4 or above for M2.4 | v1.1.9 or above for M2.3 or below) is required for this store credit payment","Module Store Credit (v4.0.4 or above for M2.4 | v1.1.9 or above for M2.3 or below) is required for this store credit payment"
"A total of %1 record(s) have been cancelled.","A total of %1 record(s) have been cancelled."
"The Withdraw has been saved.","The Withdraw has been saved."
"Something went wrong while saving the Withdraw.","Something went wrong while saving the Withdraw."
"My Affiliate","My Affiliate"
"Something went wrong when creating transaction!","Something went wrong when creating transaction!"
"My Credit (%1)","My Credit (%1)"
Active,Active
Inactive,Inactive
"Need Approved","Need Approved"
"The extension is disabled.","The extension is disabled."
"Requested entity doesn't exist","Requested entity doesn't exist"
"isSubscribe is required","isSubscribe is required"
"contacts is required","contacts is required"
"url is required","url is required"
"Amount required","Amount required"
"Payment method required","Payment method required"
"Amount must great than zero","Amount must great than zero"
"Payment method doesn't exist","Payment method doesn't exist"
"Paypal email required","Paypal email required"
"Invalid paypal email address.","Invalid paypal email address."
"Affiliate account doesn't exist","Affiliate account doesn't exist"
"Could not save the withdraw: %1","Could not save the withdraw: %1"
"Percent of product price discount","Percent of product price discount"
"Fixed amount discount for product","Fixed amount discount for product"
"Allow Guest","Allow Guest"
"Affiliate Member Only","Affiliate Member Only"
Enabled,Enabled
Disabled,Disabled
"Pay Per Sale","Pay Per Sale"
"Pay Per Lead","Pay Per Lead"
"Pay Per Click","Pay Per Click"
"-- Please Select --","-- Please Select --"
"Category page","Category page"
"Product page","Product page"
"Inline Share Button","Inline Share Button"
"Sticky Share Buttons","Sticky Share Buttons"
"Inline and Sticky Share Buttons","Inline and Sticky Share Buttons"
"Footer Link","Footer Link"
"Top Link","Top Link"
"Affiliate Code","Affiliate Code"
"Affiliate ID","Affiliate ID"
Hash,Hash
Parameter,Parameter
"The coupon code isn't valid. Verify the code and try again.","The coupon code isn't valid. Verify the code and try again."
"The ""%1"" Cart doesn't contain products.","The ""%1"" Cart doesn't contain products."
"Cart isn't assigned to correct store","Cart isn't assigned to correct store"
"Affiliate coupon codes are not eligible for discounts. Please verify the code and try again..","Affiliate coupon codes are not eligible for discounts. Please verify the code and try again.."
"Affiliate coupon can be used only for first order.","Affiliate coupon can be used only for first order."
"Bank Transfer","Bank Transfer"
Address,Address
"Paypal transaction Id","Paypal transaction Id"
"Something went wrong while saving object. Coupon exist","Something went wrong while saving object. Coupon exist"
"Product attribute combination","Product attribute combination"
"Products subselection","Products subselection"
"Conditions combination","Conditions combination"
"Cart Attribute","Cart Attribute"
"Affiliate Campaign","Affiliate Campaign"
"Campaign %1","Campaign %1"
"Affiliate account must be existed.","Affiliate account must be existed."
"Transaction amount cannot be zero.","Transaction amount cannot be zero."
"Account balance has been reached the limit. Please contact to store owner.","Account balance has been reached the limit. Please contact to store owner."
"Invalid transaction data for canceling.","Invalid transaction data for canceling."
"Account balance is not enough for canceling.","Account balance is not enough for canceling."
"Total paid cannot be negative.","Total paid cannot be negative."
"Maximum amount allowed in account balance is %1.","Maximum amount allowed in account balance is %1."
"Action model is invalid for %1","Action model is invalid for %1"
"Changed by Admin","Changed by Admin"
"Get commission for order %1","Get commission for order %1"
"Taken back commission for refunding order %1","Taken back commission for refunding order %1"
"Subtract balance for withdraw request","Subtract balance for withdraw request"
"On Hold","On Hold"
Completed,Completed
Cancelled,Cancelled
Admin,Admin
"The amount request is not enough to pay for fee.","The amount request is not enough to pay for fee."
"The amount request is not enough to withdraw","The amount request is not enough to withdraw"
"Cannot create transaction for this withdraw.","Cannot create transaction for this withdraw."
"Invalid withdraw data for canceling.","Invalid withdraw data for canceling."
"Some the withdraw had cancelled.","Some the withdraw had cancelled."
"Invalid withdraw data for approved.","Invalid withdraw data for approved."
Pending,Pending
"Affiliate Welcome homepage content","Affiliate Welcome homepage content"
"Affiliate referfriend description","Affiliate referfriend description"
"Affiliate terms & conditions","Affiliate terms & conditions"
"Affiliate Policy Content","Affiliate Policy Content"
"Delete ""%1""","Delete ""%1"""
"Are you sure?","Are you sure?"
"Type (1st Order)","Type (1st Order)"
"Value (1st Order)","Value (1st Order)"
"Type (Next orders)","Type (Next orders)"
"Value (Next orders)","Value (Next orders)"
No,No
Yes,Yes
"Referral Url and Code","Referral Url and Code"
"The commission rate for you and discount policy for those you choose to refer will correspond with any available affiliate campaign","The commission rate for you and discount policy for those you choose to refer will correspond with any available affiliate campaign"
"Create Referal Link","Create Referal Link"
"Refer Code","Refer Code"
"An auto-generated suffix code for each person you send the referral link to, or you can create a unique one on your own ","An auto-generated suffix code for each person you send the referral link to, or you can create a unique one on your own "
Edit,Edit
"Refer Url","Refer Url"
"Referrals that access this URL are connected as referrals once they sign up or place an order.","Referrals that access this URL are connected as referrals once they sign up or place an order."
"Refer Email","Refer Email"
"Referrals can enter your e-mail address when signing up affiliate account.","Referrals can enter your e-mail address when signing up affiliate account."
"Referral Via Social Networks","Referral Via Social Networks"
"Send Invitation","Send Invitation"
Subject,Subject
"Your friends' emails","Your friends' emails"
"Add from Address Book","Add from Address Book"
"Your message","Your message"
"Short Message","Short Message"
"Just your message, no need to put Refer Url here.","Just your message, no need to put Refer Url here."
Send,Send
Campaign,Campaign
"Coupon Code","Coupon Code"
"Valid time","Valid time"
"Copy Referral Link","Copy Referral Link"
"Copy ReferalLink","Copy ReferalLink"
"No results found!","No results found!"
"Get ReferalLink","Get ReferalLink"
"Get Referral Link","Get Referral Link"
Back,Back
"Commission Logs","Commission Logs"
Time,Time
"Customer Ordered","Customer Ordered"
Product,Product
"Total sales","Total sales"
"No withdraw found!","No withdraw found!"
"Withdraw History","Withdraw History"
"Requested Date","Requested Date"
"Withdraw Method","Withdraw Method"
Request,Request
"Requested Amount","Requested Amount"
"Net. Amount","Net. Amount"
"Resolve Date","Resolve Date"
"Are you sure you want to cancel this withdraw?","Are you sure you want to cancel this withdraw?"
"Credit Information","Credit Information"
"Available Balance","Available Balance"
"Total Commission","Total Commission"
"Total Withdrawal","Total Withdrawal"
"Created Date","Created Date"
"No transaction found!","No transaction found!"
"Affiliate Information","Affiliate Information"
"Enter your Customer email or Affiliate code here","Enter your Customer email or Affiliate code here"
"Create an Account","Create an Account"
"Affiliate Subscriptions","Affiliate Subscriptions"
"Receive Withdraw Completed email","Receive Withdraw Completed email"
"Receive Withdraw Cancel email","Receive Withdraw Cancel email"
"Receive Update Balance email","Receive Update Balance email"
"Receive update balance email","Receive update balance email"
"Receive New Campaign email","Receive New Campaign email"
"Receive Expired Campaign email","Receive Expired Campaign email"
"Request Withdraw","Request Withdraw"
"Request Amount","Request Amount"
"Select Payment Method","Select Payment Method"
"Withdraw Policy","Withdraw Policy"
"Send Request","Send Request"
"Bank account number, Bank name.","Bank account number, Bank name."
"Paypal Email Associate","Paypal Email Associate"
"Paypal Email Address","Paypal Email Address"
"Affiliate Referral Information","Affiliate Referral Information"
"Your Affiliate account was referred by an affiliate account %1 <%2> - Referral code: %3","Your Affiliate account was referred by an affiliate account %1 <%2> - Referral code: %3"
Comission,Comission
"Valid Time","Valid Time"
"Affiliate account approved","Affiliate account approved"
"%name,","%name,"
"Welcome to our Affiliate program.","Welcome to our Affiliate program."
"We're happily to inform that your Affiliate account is approved successfully.","We're happily to inform that your Affiliate account is approved successfully."
"Along with us, let's set off a new journey to learn new insights within Affiliate program's outstanding
    features.","Along with us, let's set off a new journey to learn new insights within Affiliate program's outstanding
    features."
"Thank you again, %store_name","Thank you again, %store_name"
"Affiliate Account Change Status","Affiliate Account Change Status"
"Thank you for your attention. From now on, your account is %status.","Thank you for your attention. From now on, your account is %status."
"Affiliate Account Rejection","Affiliate Account Rejection"
"Thank you for your interest in our Affiliate program. However, we regret that your account is rejected.","Thank you for your interest in our Affiliate program. However, we regret that your account is rejected."
"If you click on my link below, you can even receive a special discount! Check it out: <a href=""%refer_url"">here</a>","If you click on my link below, you can even receive a special discount! Check it out: <a href=""%refer_url"">here</a>"
"Welcome to our affiliate program","Welcome to our affiliate program"
"Affiliate is the perfect and interesting Magento extension and be seemed to be the business model, where you
    have the role as collaborators. You can recommend other customers to seller's products, and then make a big shopping
    public for yourself. This is earning methods on internet although you don't need any product or private
    website.","Affiliate is the perfect and interesting Magento extension and be seemed to be the business model, where you
    have the role as collaborators. You can recommend other customers to seller's products, and then make a big shopping
    public for yourself. This is earning methods on internet although you don't need any product or private
    website."
"When using our affiliate program, you can use basics features in the following:","When using our affiliate program, you can use basics features in the following:"
"Earning commission","Earning commission"
"Coming to Affiliate, simply, you will choose any product from seller's website, and seed link of the
        product to people needing it. If the presentee buy the item, you will get percentage per order.","Coming to Affiliate, simply, you will choose any product from seller's website, and seed link of the
        product to people needing it. If the presentee buy the item, you will get percentage per order."
"Using available template","Using available template"
"In addition,you are supplied templates such as email, newsletters, etc. by seller's website.
        You will send invitations to your target customers by these templates, which makes you build the network easily
        and perfectly.","In addition,you are supplied templates such as email, newsletters, etc. by seller's website.
        You will send invitations to your target customers by these templates, which makes you build the network easily
        and perfectly."
"Tracking history activities","Tracking history activities"
"Affiliate supports you to manage the process of sending invitation, recipient's name, their profit,
        etc. Therefore, you can follow your work detailedly by themselves.","Affiliate supports you to manage the process of sending invitation, recipient's name, their profit,
        etc. Therefore, you can follow your work detailedly by themselves."
"Giving cash when achieving the target","Giving cash when achieving the target"
"Affiliate give interesting chances to earning money while you don't need any products or services, you
        only advertise the product of seller's website by available advertising methods. Until their revenue they earn
        reach the offered rates, they will withdraw money from their accounts.","Affiliate give interesting chances to earning money while you don't need any products or services, you
        only advertise the product of seller's website by available advertising methods. Until their revenue they earn
        reach the offered rates, they will withdraw money from their accounts."
"Let come to Affiliate program to experience attractive opportunities!","Let come to Affiliate program to experience attractive opportunities!"
"In case your account hasn't been approved and you cannot access Affiliate's pages, with please wait for the
    permission from store administrators.","In case your account hasn't been approved and you cannot access Affiliate's pages, with please wait for the
    permission from store administrators."
"Affiliate Sign Up","Affiliate Sign Up"
"%name  registers to become an affiliate with the %email email.","%name  registers to become an affiliate with the %email email."
"Withdraw Request","Withdraw Request"
"The Affiliate %name with the account %email requests a withdrawal.","The Affiliate %name with the account %email requests a withdrawal."
"Expired Campaign Email","Expired Campaign Email"
"Campaign %campaign_name has expired. There are many campaigns of our store waiting for you to participate.
    Please join the campaign and introduce it to your friends to receive more commissions and various discounts from our
    store. For more detailed information about the campaigns please see <a href=""%home_affiliate_link"">here</a>.","Campaign %campaign_name has expired. There are many campaigns of our store waiting for you to participate.
    Please join the campaign and introduce it to your friends to receive more commissions and various discounts from our
    store. For more detailed information about the campaigns please see <a href=""%home_affiliate_link"">here</a>."
"Thank you again","Thank you again"
"New Campaign Email","New Campaign Email"
"We want to inform you that our store is having a new campaign called %campaign_name. Find out and join this campaign to receive various commissions and discounts from the store.","We want to inform you that our store is having a new campaign called %campaign_name. Find out and join this campaign to receive various commissions and discounts from the store."
"Campaign details","Campaign details"
"Campaign Name : ","Campaign Name : "
" %campaign_name"," %campaign_name"
"Description: ","Description: "
" %description"," %description"
"Commission: ","Commission: "
%commissions,%commissions
"Discount policy: ","Discount policy: "
" %discount_policy"," %discount_policy"
"Valid Date: ","Valid Date: "
" %valid_date"," %valid_date"
"You can see detailed campaign information <a href=""%home_affiliate_link"">here</a>.","You can see detailed campaign information <a href=""%home_affiliate_link"">here</a>."
"Your balance has been updated!","Your balance has been updated!"
"We have updated the balance for you so that you can have relevant information of your commission or paid. This email help you control your activities actively.","We have updated the balance for you so that you can have relevant information of your commission or paid. This email help you control your activities actively."
"The transaction detail","The transaction detail"
"Transaction title: %title","Transaction title: %title"
"Transaction amount: %amount","Transaction amount: %amount"
"Transaction status: %status","Transaction status: %status"
"Current balance: %balance","Current balance: %balance"
"Withdraw Cancel","Withdraw Cancel"
"Your withdrawal request is called off","Your withdrawal request is called off"
"Withdraw request complete!","Withdraw request complete!"
"We would like to inform you that your withdraw request,which was created at %request_at has been completed. You will receive money after some days depending on the payment method which you choose.","We would like to inform you that your withdraw request,which was created at %request_at has been completed. You will receive money after some days depending on the payment method which you choose."
"The withdraw detail","The withdraw detail"
"Withdraw Id: %withdraw_id","Withdraw Id: %withdraw_id"
"Transfer Amount: %amount","Transfer Amount: %amount"
"Request Amount: %amount","Request Amount: %amount"
"Tax/fee: %fee","Tax/fee: %fee"
"Payment Method: %payment","Payment Method: %payment"
"You can check your withdraw by ","You can check your withdraw by "
"logging into your account","logging into your account"
"Apply Affiliate Discount Code","Apply Affiliate Discount Code"
"Apply Discount","Apply Discount"
"Cancel coupon","Cancel coupon"
"Apply Affiliate Coupon Code","Apply Affiliate Coupon Code"
"Enter discount code","Enter discount code"
"Select Customer","Select Customer"
"Please enter a param not including the dot or hash symbol.","Please enter a param not including the dot or hash symbol."
Close,Close
"Your affiliate coupon was successfully applied.","Your affiliate coupon was successfully applied."
"Your affiliate coupon was successfully removed.","Your affiliate coupon was successfully removed."
Affiliate,Affiliate
General,General
Enable,Enable
"Advance Configuration","Advance Configuration"
"Cookie Expiration","Cookie Expiration"
"day(s). The number of days for admin to store cookies of this program. Default: 365","day(s). The number of days for admin to store cookies of this program. Default: 365"
"Allow overriding cookies","Allow overriding cookies"
"Allow overriding exist affiliate cookie.","Allow overriding exist affiliate cookie."
"Show Affiliate link on","Show Affiliate link on"
"Enable Referral History","Enable Referral History"
"If Yes, will display Referral History on the My Affiliate page.","If Yes, will display Referral History on the My Affiliate page."
"Enable Affiliate Referral Information","Enable Affiliate Referral Information"
"If Yes, will display the Affiliate Referral Information on the My Account page.","If Yes, will display the Affiliate Referral Information on the My Account page."
"Default page","Default page"
"Affiliate homepage content","Affiliate homepage content"
"Select CMS Static Block. Only display the ""My Affiliates"" page for guests","Select CMS Static Block. Only display the ""My Affiliates"" page for guests"
"Affiliate Policy content","Affiliate Policy content"
"Select CMS Static Block. Only display the ""My Affiliates"" page for affiliate accounts","Select CMS Static Block. Only display the ""My Affiliates"" page for affiliate accounts"
"Allow using Affiliate Code as Coupon","Allow using Affiliate Code as Coupon"
"If yes, customer(s) can use Affiliate Code as Coupon code on shopping cart page and checkout page","If yes, customer(s) can use Affiliate Code as Coupon code on shopping cart page and checkout page"
"Coupon Suffix","Coupon Suffix"
"Affiliate URL","Affiliate URL"
"URL Style","URL Style"
"E.g: <br />Parameter: http://example.com/?<strong>c=123</strong><br />Hash: http://example.com<strong>#c123</strong>","E.g: <br />Parameter: http://example.com/?<strong>c=123</strong><br />Hash: http://example.com<strong>#c123</strong>"
"Custom parameter","Custom parameter"
"If empty. Default value is ""u"" will be used. This will be used in URL such as: ?<span style=""font-weight:bold;color:red;"">u</span>=123 <br />Or #<span style=""font-weight:bold;color:red;"">u</span>123","If empty. Default value is ""u"" will be used. This will be used in URL such as: ?<span style=""font-weight:bold;color:red;"">u</span>=123 <br />Or #<span style=""font-weight:bold;color:red;"">u</span>123"
"Parameter value","Parameter value"
"The length of Affiliate code","The length of Affiliate code"
"It should be greater than 3, and smaller than 32. Default is 6.","It should be greater than 3, and smaller than 32. Default is 6."
"Account Configuration","Account Configuration"
"Affiliate Sign up","Affiliate Sign up"
"Default Affiliate Group","Default Affiliate Group"
"Require admin's approval","Require admin's approval"
"Checked ""Email notification"" by default","Checked ""Email notification"" by default"
"Term and condition","Term and condition"
"Enable Terms and Conditions","Enable Terms and Conditions"
"Checkbox Text","Checkbox Text"
"Terms and Conditions Title","Terms and Conditions Title"
"Terms and Conditions Content","Terms and Conditions Content"
"Select CMS Block.","Select CMS Block."
"Checkbox is checked by default","Checkbox is checked by default"
"Account Balance","Account Balance"
"Maximum of Affiliate Balance","Maximum of Affiliate Balance"
"The maximum balance of Affiliate. The affiliate cannot get commission if balance equal this value. Empty or Zero is no limitation.","The maximum balance of Affiliate. The affiliate cannot get commission if balance equal this value. Empty or Zero is no limitation."
"Allow negative balance","Allow negative balance"
"Commission Configuration","Commission Configuration"
"Earn commission from tax","Earn commission from tax"
"Commission calculation process","Commission calculation process"
"Allow Affiliate receiving commission when Invoice created","Allow Affiliate receiving commission when Invoice created"
"Hold commission transactions for","Hold commission transactions for"
"Deduct commission from Affiliate's balance when order is refunded/canceled","Deduct commission from Affiliate's balance when order is refunded/canceled"
"Withdraw Configuration","Withdraw Configuration"
"Allow withdraw request","Allow withdraw request"
"Payment Methods","Payment Methods"
"The minimum balance in affiliate account for requesting withdraw","The minimum balance in affiliate account for requesting withdraw"
"Minimum withdraw amount","Minimum withdraw amount"
"Include Fee","Include Fee"
"Maximum withdraw amount","Maximum withdraw amount"
"Email Configuration","Email Configuration"
"Email Sender","Email Sender"
"Admin Email","Admin Email"
"Send Emails To","Send Emails To"
"New Affiliate Sign Up","New Affiliate Sign Up"
"Sign Up Template","Sign Up Template"
"New Withdraw Request","New Withdraw Request"
"Withdraw Request Template","Withdraw Request Template"
"Account Email","Account Email"
"Send Welcome Email","Send Welcome Email"
"Welcome Email","Welcome Email"
"Welcome Email After Account Approved","Welcome Email After Account Approved"
"This email will be sent instead of welcome email, after approving account.","This email will be sent instead of welcome email, after approving account."
"Account Rejection","Account Rejection"
"Account Rejection Template","Account Rejection Template"
"Account Change Status","Account Change Status"
"Account Change Status Template","Account Change Status Template"
"Withdraw Cancel Email","Withdraw Cancel Email"
"Withdraw Cancel Template","Withdraw Cancel Template"
"Transaction Email","Transaction Email"
"Send Transaction Email","Send Transaction Email"
"Update Balance Email","Update Balance Email"
"Withdraw Email","Withdraw Email"
"Send Withdraw Email","Send Withdraw Email"
"Withdraw Complete Email","Withdraw Complete Email"
"Campaign Email","Campaign Email"
"Send New Campaign Email","Send New Campaign Email"
"Send Expired Campaign Email","Send Expired Campaign Email"
"Expired Campaign Template","Expired Campaign Template"
"Refer Friends Configuration","Refer Friends Configuration"
"Enable Refer Friends Feature","Enable Refer Friends Feature"
"Refer Sharing Email","Refer Sharing Email"
"Default Refer Url","Default Refer Url"
"ShareThis.com Property ID","ShareThis.com Property ID"
"ShareThis.com Tool","ShareThis.com Tool"
"Enable Referral via Social Networks on Product Listing Page","Enable Referral via Social Networks on Product Listing Page"
"Enable Referral via Social Networks on Product Details Page","Enable Referral via Social Networks on Product Details Page"
"Use Cloudsponge to retrieve email contacts","Use Cloudsponge to retrieve email contacts"
"Cloudsponge Key","Cloudsponge Key"
"Sending Email Content","Sending Email Content"
"Default Email Subject","Default Email Subject"
"Default Email Body","Default Email Body"
"Change Status","Change Status"
"Are you sure to change status of selected customers?","Are you sure to change status of selected customers?"
"Change Affiliate Group","Change Affiliate Group"
"Are you sure to change affiliate group of selected customers?","Are you sure to change affiliate group of selected customers?"
"Add New Account","Add New Account"
Delete,Delete
"Delete Accounts","Delete Accounts"
"Are you sure you want to delete selected Accounts?","Are you sure you want to delete selected Accounts?"
"Parent Affiliate","Parent Affiliate"
"Add New Campaign","Add New Campaign"
"Sort Order","Sort Order"
Created,Created
"Add New Group","Add New Group"
"Delete Groups","Delete Groups"
"Are you sure you want to delete selected groups?","Are you sure you want to delete selected groups?"
"Add New Transaction","Add New Transaction"
"Complete Transactions","Complete Transactions"
"Are you sure you want to complete selected transactions?","Are you sure you want to complete selected transactions?"
"Cancel Transactions","Cancel Transactions"
"Are you sure you want to cancel selected Transactions?","Are you sure you want to cancel selected Transactions?"
"Current Balance","Current Balance"
Store,Store
"Holding Date","Holding Date"
"Product Sku","Product Sku"
"Product Qty","Product Qty"
"Add New Withdraw","Add New Withdraw"
Approve,Approve
"Approve Withdraws","Approve Withdraws"
"Are you sure you want to approve selected Withdraws?","Are you sure you want to approve selected Withdraws?"
"Cancel Withdraws","Cancel Withdraws"
"Are you sure you want to cancel selected Withdraws?","Are you sure you want to cancel selected Withdraws?"
"Transaction ID","Transaction ID"
Transferred,Transferred
Home,Home
"Account Dashboard","Account Dashboard"
Signup,Signup
Settings,Settings
"More details","More details"
