<?xml version="1.0"?>
<!--
/**
 * @author Amasty Team
 * @copyright Copyright (c) Amasty (https://www.amasty.com)
 * @package Shop by Brand for Magento 2
 */-->

<view xmlns:xsi="http://www.w3.org/2001/XMLSchema-instance" xsi:noNamespaceSchemaLocation="urn:magento:framework:Config/etc/view.xsd">
    <media>
        <images module="Magento_Catalog">
            <image id="am_brand_more_from_image" type="small_image">
                <width>140</width>
                <height>140</height>
            </image>
        </images>
    </media>
</view>
