<?xml version="1.0"?>
<!--
/**
 * @author Amasty Team
 * @copyright Copyright (c) Amasty (https://www.amasty.com)
 * @package Social Login Base for Magento 2
 */-->

<config xmlns:xsi="http://www.w3.org/2001/XMLSchema-instance" xsi:noNamespaceSchemaLocation="urn:magento:module:Magento_Customer:etc/sections.xsd">
    <action name="amsociallogin/logout/index">
        <section name="*"/>
    </action>
    <action name="amsociallogin/social/login">
        <section name="*"/>
    </action>
    <action name="amsociallogin/account/createPost">
        <section name="*"/>
    </action>
    <action name="amsociallogin/account/loginPost">
        <section name="*"/>
    </action>
</config>
