<?xml version="1.0"?>
<!--
/**
 * Mageplaza
 *
 * NOTICE OF LICENSE
 *
 * This source file is subject to the Mageplaza.com license that is
 * available through the world-wide-web at this URL:
 * https://www.mageplaza.com/LICENSE.txt
 *
 * DISCLAIMER
 *
 * Do not edit or add to this file if you wish to upgrade this extension to newer
 * version in the future.
 *
 * @category    Mageplaza
 * @package     Mageplaza_Osc
 * @copyright   Copyright (c) Mageplaza (https://www.mageplaza.com/)
 * @license     https://www.mageplaza.com/LICENSE.txt
 */
-->
<config xmlns:xsi="http://www.w3.org/2001/XMLSchema-instance" xsi:noNamespaceSchemaLocation="urn:magento:module:Magento_Config:etc/system_file.xsd">
    <system>
        <section id="osc" translate="label comment" sortOrder="10" type="text" showInDefault="1" showInWebsite="1" showInStore="1">
            <label>One Step Checkout</label>
            <tab>mageplaza</tab>
            <resource>Mageplaza_Osc::configuration</resource>
            <group id="display" translate="label comment" sortOrder="10" type="text" showInDefault="1"
                   showInWebsite="1" showInStore="1">
                <label>Display</label>
                <group id="general" translate="label comment" sortOrder="10" type="text" showInDefault="1" showInWebsite="1" showInStore="1">
                    <label>General</label>
                    <field id="enabled" translate="label comment" sortOrder="10" type="select" showInDefault="1" showInWebsite="1" showInStore="1" canRestore="1">
                        <label>Enable</label>
                        <comment><![CDATA[Select <strong>Yes</strong> to enable the module.]]></comment>
                        <source_model>Magento\Config\Model\Config\Source\Yesno</source_model>
                        <config_path>osc/general/enabled</config_path>
                    </field>
                    <field id="allow_guest_checkout" translate="label comment" sortOrder="11" type="select" showInDefault="1" showInWebsite="1" showInStore="1" canRestore="1">
                        <label>Allow Guest Checkout</label>
                        <source_model>Mageplaza\Osc\Model\System\Config\Source\AllowGuestCheckout</source_model>
                        <comment><![CDATA[Yes: Allow checking out as a guest. </br>
                                      No (require create account): Guest must enter password to create an account at checkout page. </br>
                                      No (require login): Guest must have an account before entering the Checkout page.]]>
                        </comment>
                        <config_path>osc/general/allow_guest_checkout</config_path>
                    </field>
                    <field id="title" translate="label comment" sortOrder="20" type="text" showInDefault="1" showInWebsite="1" showInStore="1">
                        <label>Page Title</label>
                        <comment>Enter the title of the page.</comment>
                        <config_path>osc/general/title</config_path>
                    </field>
                    <field id="description" translate="label comment" sortOrder="40" type="textarea"  showInDefault="1" showInWebsite="1" showInStore="1">
                        <label>Page Description</label>
                        <comment>Enter description for the page. HTML allowed.</comment>
                        <config_path>osc/general/description</config_path>
                    </field>
                    <field id="redirect_to_one_step_checkout" translate="label comment" sortOrder="41" type="select"
                           showInDefault="1" showInWebsite="1" showInStore="1" canRestore="1">
                        <label>Auto-redirect to One Step Checkout Page</label>
                        <source_model>Magento\Config\Model\Config\Source\Yesno</source_model>
                        <comment>Select Yes to enable redirecting to the Checkout Page after a product is added to cart</comment>
                        <config_path>osc/general/redirect_to_one_step_checkout</config_path>
                    </field>
                    <field id="is_enabled_login_link" translate="label comment" sortOrder="50" type="select"
                           showInDefault="1" showInWebsite="1" showInStore="1" canRestore="1">
                        <label>Show Login Link</label>
                        <source_model>Magento\Config\Model\Config\Source\Yesno</source_model>
                        <comment><![CDATA[Select <strong>Yes</strong> to show a link for visitors to login.]]></comment>
                        <config_path>osc/display_configuration/is_enabled_login_link</config_path>
                    </field>
                    <field id="social_login" translate="label comment" type="text" sortOrder="60" showInDefault="1"
                           showInWebsite="1" showInStore="1" >
                        <label>Social Login on Checkout Page</label>
                        <frontend_model>Mageplaza\Osc\Block\Adminhtml\Config\Backend\SocialLogin</frontend_model>
                        <config_path>osc/display_configuration/social_login</config_path>
                    </field>
                    <field id="is_display_foothead" translate="label comment" sortOrder="70" type="select"
                           showInDefault="1" showInWebsite="1" showInStore="1" canRestore="1">
                        <label>Show Footer and Header</label>
                        <source_model>Magento\Config\Model\Config\Source\Yesno</source_model>
                        <comment><![CDATA[Show/Hide both Footer and Header at the same time. Should clear cache after making change]]></comment>
                        <config_path>osc/display_configuration/is_display_foothead</config_path>
                    </field>
                    <field id="show_coupon" translate="label comment" sortOrder="80" type="select" showInDefault="1"
                           showInWebsite="1" showInStore="1" canRestore="1">
                        <label>Show Discount Code Section</label>
                        <source_model>Mageplaza\Osc\Model\System\Config\Source\ComponentPosition</source_model>
                        <comment><![CDATA[Select No to hide Discount Code Section, or select an area to display it]]></comment>
                        <config_path>osc/display_configuration/show_coupon</config_path>
                    </field>
                    <field id="show_toc" translate="label comment" sortOrder="90" type="select" showInDefault="1"
                           showInWebsite="1" showInStore="1" canRestore="1">
                        <label>Show Terms and Conditions</label>
                        <source_model>Mageplaza\Osc\Model\System\Config\Source\ComponentConditionPosition</source_model>
                        <comment><![CDATA[Select No to hide Terms and Conditions, or select an area to display it]]></comment>
                        <config_path>osc/display_configuration/show_toc</config_path>
                    </field>
                    <field id="route" translate="label comment" type="text" sortOrder="130" showInDefault="1" showInWebsite="1" showInStore="1">
                        <label>Route</label>
                        <validate>letters-only</validate>
                        <comment>Leave empty to use default URL route. Default: onestepcheckout</comment>
                        <depends>
                            <field id="enabled">1</field>
                        </depends>
                        <config_path>osc/general/route</config_path>
                    </field>
                </group>
                <group id="shipping_and_payment" translate="label comment" sortOrder="20" type="text" showInDefault="1"
                       showInWebsite="1" showInStore="1">
                    <label>Shipping and Payment Methods</label>
                    <field id="default_shipping_method" translate="label comment" sortOrder="1" type="select"
                           showInDefault="1" showInWebsite="1" showInStore="1">
                        <label>Default Shipping Method</label>
                        <source_model>Mageplaza\Osc\Model\System\Config\Source\ShippingMethods</source_model>
                        <comment>Select a shipping method to be checked by default in checkout page</comment>
                        <config_path>osc/general/default_shipping_method</config_path>
                    </field>
                    <field id="default_payment_method" translate="label comment" sortOrder="10" type="select"
                           showInDefault="1" showInWebsite="1" showInStore="1">
                        <label>Default Payment Method</label>
                        <source_model>Mageplaza\Osc\Model\System\Config\Source\PaymentMethods</source_model>
                        <comment>Select a payment method to be checked as the default in checkout page</comment>
                        <config_path>osc/general/default_payment_method</config_path>
                    </field>
                    <field id="is_enabled_comments" translate="label comment" sortOrder="15" type="select" showInDefault="1" showInWebsite="1" showInStore="1" canRestore="1">
                        <label>Show Order Comment</label>
                        <source_model>Magento\Config\Model\Config\Source\Yesno</source_model>
                        <comment><![CDATA[Select <strong>Yes</strong> to allow customers to comment on the order.<br/>
                            To Add comment into Order Confirmation Email, please refer the guide <a href="https://www.mageplaza.com/faqs/how-add-comment-email-order-confirmations.html" target="_blank">here</a>.]]>
                        </comment>
                        <config_path>osc/display_configuration/is_enabled_comments</config_path>
                    </field>
                </group>
                <group id="address" translate="label comment" sortOrder="30" type="text" showInDefault="1"
                       showInWebsite="1" showInStore="1">
                    <label>Address</label>
                    <field id="show_billing_address" translate="label comment" sortOrder="1" type="select" showInDefault="1" showInWebsite="1" showInStore="1" canRestore="1">
                        <label>Show Billing Address</label>
                        <source_model>Magento\Config\Model\Config\Source\Yesno</source_model>
                        <comment><![CDATA[Select Yes to allow the Billing Address block to appear in the Checkout Page,
                         or No to imply that <strong>Billing Address</strong> and <strong>Shipping Address</strong> are <strong>the same</strong>
                         .]]></comment>
                        <config_path>osc/general/show_billing_address</config_path>
                    </field>
                    <field id="same_as_shipping" translate="label comment" sortOrder="10" type="select"
                           showInDefault="1" showInWebsite="1" showInStore="1" canRestore="1">
                        <label>Billing Address and Shipping Address are the same</label>
                        <source_model>Magento\Config\Model\Config\Source\Yesno</source_model>
                        <comment><![CDATA[If Yes, the checkbox will be automatically checked. Customers uncheck to separate 2 addresses and
                        fill in the Billing Address information. ]]></comment>
                        <depends>
                            <field id="show_billing_address">1</field>
                        </depends>
                        <config_path>osc/general/same_as_shipping</config_path>
                    </field>
                    <field id="auto_detect_address" translate="label comment" sortOrder="20" type="select"
                           showInDefault="1" showInWebsite="1" showInStore="1" canRestore="1">
                        <label>Use Auto Suggestion Technology</label>
                        <source_model>Mageplaza\Osc\Model\System\Config\Source\AddressSuggest</source_model>
                        <comment><![CDATA[Select Google to use it for automatic address suggestion, or No to disable this feature.]]></comment>
                        <config_path>osc/general/auto_detect_address</config_path>
                    </field>
                    <field id="google_api_key" translate="label comment" sortOrder="21" type="obscure"
                           showInDefault="1" showInWebsite="1" showInStore="1">
                        <label>Google Api Key</label>
                        <comment><![CDATA[You should register a new key. Get Api key <a href="https://developers.google.com/maps/documentation/javascript/get-api-key" target="_blank">here</a>]]></comment>
                        <backend_model>Magento\Config\Model\Config\Backend\Encrypted</backend_model>
                        <config_path>osc/general/google_api_key</config_path>
                        <validate>required-entry</validate>
                        <depends>
                            <field id="auto_detect_address">google</field>
                        </depends>
                    </field>
                    <field id="google_specific_country" translate="label comment" sortOrder="22" type="multiselect"
                           showInDefault="1" showInWebsite="1" showInStore="1">
                        <label>Restrict the auto suggestion for a specific country</label>
                        <source_model>Magento\Directory\Model\Config\Source\Country</source_model>
                        <config_path>osc/general/google_specific_country</config_path>
                        <depends>
                            <field id="auto_detect_address">google</field>
                        </depends>
                    </field>
                    <field id="pca_website_key" translate="label comment" sortOrder="23" type="text" showInDefault="1"
                           showInWebsite="1" showInStore="1">
                        <label>Capture+ Key</label>
                        <comment><![CDATA[To set up a Capture+ account or these keys, please visit <a href="http://www.pcapredict.com/en-us/address-capture-software/?utm_source=mageplaza.com&amp;utm_medium=one-step-checkout&amp;utm_campaign=one-step-checkout" target="_blank" style="margin-left:0;">Getting Started</a> page]]></comment>
                        <config_path>osc/general/pca_website_key</config_path>
                        <depends>
                            <field id="auto_detect_address">pca</field>
                        </depends>
                    </field>
                    <field id="pca_country_lookup" translate="label comment" sortOrder="24" type="select"
                           showInDefault="1" showInWebsite="1" showInStore="1">
                        <label>IP Country Lookup</label>
                        <source_model>Magento\Config\Model\Config\Source\Yesno</source_model>
                        <comment>The default country will be set based on location of the customer.</comment>
                        <config_path>osc/general/pca_country_lookup</config_path>
                        <depends>
                            <field id="auto_detect_address">pca</field>
                        </depends>
                    </field>
                    <field id="show_multi_address_checkout_link" translate="label comment" sortOrder="40" type="select" showInDefault="1" showInWebsite="1" showInStore="1" canRestore="1">
                        <label>Show Check Out with Multiple Addresses Link</label>
                        <source_model>Magento\Config\Model\Config\Source\Yesno</source_model>
                        <comment><![CDATA[Select Yes to show the link for Multiple Addresses Checkout.]]></comment>
                        <config_path>osc/display_configuration/show_multi_address_checkout_link</config_path>
                    </field>
                </group>
                <group id="review_cart_section" translate="label" showInDefault="1" sortOrder="40" showInWebsite="1"
                       showInStore="1">
                    <label>Review Cart Section</label>
                    <field id="is_enabled_review_cart_section" translate="label comment" sortOrder="10" type="select" showInDefault="1" showInWebsite="1" showInStore="1" canRestore="1">
                        <label>Show Order Review Section</label>
                        <source_model>Magento\Config\Model\Config\Source\Yesno</source_model>
                        <comment><![CDATA[Select No to remove the Order Review section]]></comment>
                        <config_path>osc/display_configuration/is_enabled_review_cart_section</config_path>
                    </field>
                    <field id="is_show_item_list_toggle" translate="label comment" sortOrder="20" type="select" showInDefault="1" showInWebsite="1" showInStore="1" canRestore="1">
                        <label>Enable to Show/Hide Product List</label>
                        <source_model>Magento\Config\Model\Config\Source\Yesno</source_model>
                        <depends>
                            <field id="is_enabled_review_cart_section">1</field>
                        </depends>
                        <comment><![CDATA[If Yes, the product list will turn into a dropdown, and customers can show/hide it.<br>
                                If No, then the product list will always be shown]]></comment>
                        <config_path>osc/display_configuration/is_show_item_list_toggle</config_path>
                    </field>
                    <field id="is_show_product_image" translate="label comment" sortOrder="30" type="select" showInDefault="1" showInWebsite="1" showInStore="1" canRestore="1">
                        <label>Show Product Thumbnail Image</label>
                        <source_model>Magento\Config\Model\Config\Source\Yesno</source_model>
                        <depends>
                            <field id="is_enabled_review_cart_section">1</field>
                        </depends>
                        <config_path>osc/display_configuration/is_show_product_image</config_path>
                    </field>
                </group>
                <group id="additional_field" translate="label comment" sortOrder="50" type="text" showInDefault="1"
                       showInWebsite="1" showInStore="1">
                    <label>Additional Fields</label>
                    <field id="is_enabled_newsletter" translate="label comment" sortOrder="10" type="select" showInDefault="1" showInWebsite="1" showInStore="1" canRestore="1">
                        <label>Show Newsletter Checkbox</label>
                        <source_model>Magento\Config\Model\Config\Source\Yesno</source_model>
                        <comment><![CDATA[Select <strong>Yes</strong> to show the Newsletter checkbox.]]></comment>
                        <config_path>osc/display_configuration/is_enabled_newsletter</config_path>
                    </field>
                    <field id="is_checked_newsletter" translate="label comment" sortOrder="20" type="select" showInDefault="1" showInWebsite="1" showInStore="1" canRestore="1">
                        <label>Newsletter Checked by Default</label>
                        <source_model>Magento\Config\Model\Config\Source\Yesno</source_model>
                        <depends>
                            <field id="is_enabled_newsletter">1</field>
                        </depends>
                        <comment><![CDATA[Select <strong>Yes</strong> to have the Newsletter checkbox ticked by default.]]></comment>
                        <config_path>osc/display_configuration/is_checked_newsletter</config_path>
                    </field>
                    <field id="gift_message" translate="label comment" sortOrder="20" type="multiselect"
                           showInDefault="1" showInWebsite="1" showInStore="1">
                        <label>Show Gift Messages</label>
                        <source_model>Mageplaza\Osc\Model\System\Config\Source\GiftMessages</source_model>
                        <comment><![CDATA[Select the position to leave messages. Hold Control (Ctrl) to select/deselect multiple options.]]></comment>
                        <can_be_empty>1</can_be_empty>
                        <config_path>osc/general/gift_message</config_path>
                    </field>
                    <field id="is_enabled_gift_wrap" translate="label comment" sortOrder="30" type="select"
                           showInDefault="1" showInWebsite="1" showInStore="1">
                        <label>Enable Gift Wrap</label>
                        <source_model>Magento\Config\Model\Config\Source\Yesno</source_model>
                        <comment><![CDATA[Select <strong>Yes</strong> to enable Gift Wrap.]]></comment>
                        <config_path>osc/display_configuration/is_enabled_gift_wrap</config_path>
                    </field>
                    <field id="gift_wrap_type" translate="label comment" sortOrder="31" type="select"
                           showInDefault="1" showInWebsite="1" showInStore="1">
                        <label>Calculate Method</label>
                        <source_model>Mageplaza\Osc\Model\System\Config\Source\Giftwrap</source_model>
                        <comment>To calculate gift wrap fee based on item or order.</comment>
                        <depends>
                            <field id="is_enabled_gift_wrap">1</field>
                        </depends>
                        <config_path>osc/display_configuration/gift_wrap_type</config_path>
                    </field>
                    <field id="gift_wrap_amount" translate="label comment" sortOrder="32" type="text"
                           showInDefault="1" showInWebsite="1" showInStore="1">
                        <label>Amount</label>
                        <comment>Enter the amount of gift wrap fee.</comment>
                        <validate>validate-number validate-zero-or-greater validate-decimal-digit</validate>
                        <depends>
                            <field id="is_enabled_gift_wrap">1</field>
                        </depends>
                        <config_path>osc/display_configuration/gift_wrap_amount</config_path>
                    </field>
                    <field id="is_enabled_survey" translate="label comment" sortOrder="40" type="select" showInDefault="1"
                           showInWebsite="1" showInStore="1">
                        <label>Enable Survey</label>
                        <source_model>Magento\Config\Model\Config\Source\Yesno</source_model>
                        <comment><![CDATA[Select Yes to show a survey after successful checkout (on thank you page)]]></comment>
                        <config_path>osc/display_configuration/is_enabled_survey</config_path>
                    </field>
                    <field id="survey_question" translate="label comment" sortOrder="41" type="text" showInDefault="1"
                           showInWebsite="1" showInStore="1" canRestore="1">
                        <label>Survey Question</label>
                        <depends>
                            <field id="is_enabled_survey">1</field>
                        </depends>
                        <config_path>osc/display_configuration/survey_question</config_path>
                    </field>
                    <field id="survey_answers" translate="label comment" sortOrder="42" showInDefault="1"
                           showInWebsite="1" showInStore="1" canRestore="1">
                        <label>Survey Answers</label>
                        <frontend_model>Mageplaza\Osc\Model\System\Config\Source\Survey</frontend_model>
                        <backend_model>Magento\Config\Model\Config\Backend\Serialized\ArraySerialized</backend_model>
                        <depends>
                            <field id="is_enabled_survey">1</field>
                        </depends>
                        <config_path>osc/display_configuration/survey_answers</config_path>
                    </field>
                    <field id="allow_customer_add_other_option" translate="label comment" sortOrder="43" type="select"
                           showInDefault="1" showInWebsite="1" showInStore="1" canRestore="1">
                        <label>Allow Customer Add Other Option</label>
                        <source_model>Magento\Config\Model\Config\Source\Yesno</source_model>
                        <depends>
                            <field id="is_enabled_survey">1</field>
                        </depends>
                        <config_path>osc/display_configuration/allow_customer_add_other_option</config_path>
                    </field>
                    <field id="is_enabled_seal_block" translate="label comment" type="select" sortOrder="51"
                           showInDefault="1" showInWebsite="1" showInStore="1">
                        <label>Enable Seal Block</label>
                        <source_model>Mageplaza\Osc\Model\System\Config\Source\SealBlockPosition</source_model>
                        <comment>This seal will be displayed under Place Order button</comment>
                    </field>
                    <field id="seal_image" translate="label comment" type="image" sortOrder="53" showInDefault="1"
                           showInWebsite="1" showInStore="1" canRestore="1">
                        <label>Upload Image</label>
                        <backend_model>Mageplaza\Osc\Model\System\Config\Backend\SealBlockImage</backend_model>
                        <comment><![CDATA[Find more badges <a href="https://github.com/mageplaza/m2-one-step-checkout-releases/tree/master/badges" target="_blank">here</a>]]></comment>
                        <base_url type="media" scope_info="1">mageplaza/osc/seal</base_url>
                        <depends>
                            <field id="is_enabled_seal_block">2</field>
                        </depends>
                    </field>
                    <field id="seal_description" translate="label comment" sortOrder="54" type="textarea"
                           showInDefault="1" showInWebsite="1" showInStore="1" canRestore="1">
                        <label>Seal Description</label>
                        <comment>Enter description for the seal. HTML allowed.</comment>
                        <depends>
                            <field id="is_enabled_seal_block">2</field>
                        </depends>
                    </field>
                    <field id="is_enabled_block" translate="label comment" sortOrder="60" type="select" showInDefault="1"
                           showInWebsite="1" showInStore="1">
                        <label>Enable Static CMS Block</label>
                        <comment><![CDATA[Select <strong>Yes</strong> to enable Static CMS Block.]]></comment>
                        <source_model>Magento\Config\Model\Config\Source\Yesno</source_model>
                        <config_path>osc/block_configuration/is_enabled_block</config_path>
                    </field>
                    <field id="list" translate="label comment" type="select" sortOrder="61" showInDefault="1"
                           showInWebsite="1" showInStore="1">
                        <label>Show Static Block</label>
                        <frontend_model>Mageplaza\Osc\Block\Adminhtml\Config\Backend\StaticBlock</frontend_model>
                        <backend_model>Magento\Config\Model\Config\Backend\Serialized\ArraySerialized</backend_model>
                        <comment>Sort Order is optional. By default, blocks will be arranged sequentially</comment>
                        <depends>
                            <field id="is_enabled_block">1</field>
                        </depends>
                        <config_path>osc/block_configuration/list</config_path>
                    </field>
                </group>
            </group>
            <group id="design" translate="label comment" sortOrder="30" type="text" showInDefault="1" showInWebsite="1" showInStore="1">
                <label>Design</label>
                <group id="layout_and_style" translate="label comment" sortOrder="30" type="text" showInDefault="1"
                       showInWebsite="1" showInStore="1">
                    <label>Layout and Style</label>
                    <field id="page_layout" translate="label comment" sortOrder="1" type="select" showInDefault="1" showInWebsite="1" showInStore="1" canRestore="1">
                        <label>Checkout Page Layout</label>
                        <source_model>Mageplaza\Osc\Model\System\Config\Source\Layout</source_model>
                        <comment>Select the layout used for the Checkout Page.</comment>
                        <config_path>osc/design_configuration/page_layout</config_path>
                    </field>
                    <field id="page_design" translate="label comment" sortOrder="10" type="select" showInDefault="1"
                           showInWebsite="1" showInStore="1">
                        <label>Design Style</label>
                        <source_model>Mageplaza\Osc\Model\System\Config\Source\Design</source_model>
                        <comment>Select the design style for the Checkout Page.</comment>
                        <config_path>osc/design_configuration/page_design</config_path>
                    </field>
                    <field id="heading_background" translate="label comment" sortOrder="20" type="text" showInDefault="1" showInWebsite="1" showInStore="1" canRestore="1">
                        <label>Subtitle - Background Color</label>
                        <frontend_model>Mageplaza\Core\Block\Adminhtml\System\Config\ColorPicker</frontend_model>
                        <config_path>osc/design_configuration/heading_background</config_path>
                        <depends>
                            <field id="page_design" separator=",">flat,material</field>
                        </depends>
                    </field>
                    <field id="heading_text" translate="label comment" sortOrder="25" type="text" showInDefault="1" showInWebsite="1" showInStore="1" canRestore="1">
                        <label>Subtitle - Text Color</label>
                        <frontend_model>Mageplaza\Core\Block\Adminhtml\System\Config\ColorPicker</frontend_model>
                        <config_path>osc/design_configuration/heading_text</config_path>
                        <depends>
                            <field id="page_design" separator=",">flat,material</field>
                        </depends>
                    </field>
                </group>
                <group id="color_Scheme" translate="label comment" sortOrder="30" type="text" showInDefault="1"
                       showInWebsite="1" showInStore="1">
                    <label>Color Scheme</label>
                    <field id="page_title_color" translate="label" sortOrder="1" type="text" showInDefault="1"
                           showInWebsite="1" showInStore="1" canRestore="1">
                        <label>Page Title</label>
                        <frontend_model>Mageplaza\Core\Block\Adminhtml\System\Config\ColorPicker</frontend_model>
                        <config_path>osc/design_configuration/page_title_color</config_path>
                    </field>
                    <field id="description_color" translate="label" sortOrder="10" type="text" showInDefault="1"
                           showInWebsite="1" showInStore="1" canRestore="1">
                        <label>Page Description</label>
                        <frontend_model>Mageplaza\Core\Block\Adminhtml\System\Config\ColorPicker</frontend_model>
                        <config_path>osc/design_configuration/description_color</config_path>
                    </field>
                    <field id="place_order_button" translate="label comment" sortOrder="20" type="text"
                           showInDefault="1" showInWebsite="1" showInStore="1" canRestore="1">
                        <label>Place Order Button</label>
                        <frontend_model>Mageplaza\Core\Block\Adminhtml\System\Config\ColorPicker</frontend_model>
                        <config_path>osc/design_configuration/place_order_button</config_path>
                    </field>
                    <field id="order_summary_background" translate="label" sortOrder="30" type="text"
                           showInDefault="1" showInWebsite="1" showInStore="1" canRestore="1">
                        <label>Order Summary Background</label>
                        <frontend_model>Mageplaza\Core\Block\Adminhtml\System\Config\ColorPicker</frontend_model>
                        <config_path>osc/design_configuration/order_summary_background</config_path>
                    </field>
                    <field id="osc_page_background" translate="label" sortOrder="50" type="text" showInDefault="1"
                           showInWebsite="1" showInStore="1" canRestore="1">
                        <label>Checkout Page - Background</label>
                        <frontend_model>Mageplaza\Core\Block\Adminhtml\System\Config\ColorPicker</frontend_model>
                        <config_path>osc/design_configuration/osc_page_background</config_path>
                    </field>
                    <field id="order_total" translate="label" sortOrder="50" type="text" showInDefault="1"
                           showInWebsite="1" showInStore="1" canRestore="1">
                        <label>Order Total Color</label>
                        <comment><![CDATA[Change the color of order total.]]></comment>
                        <frontend_model>Mageplaza\Core\Block\Adminhtml\System\Config\ColorPicker</frontend_model>
                        <config_path>osc/design_configuration/order_total</config_path>
                    </field>
                    <field id="body_text" translate="label" sortOrder="50" type="text" showInDefault="1"
                           showInWebsite="1" showInStore="1" canRestore="1">
                        <label>Body Text</label>
                        <frontend_model>Mageplaza\Core\Block\Adminhtml\System\Config\ColorPicker</frontend_model>
                        <config_path>osc/design_configuration/body_text</config_path>
                    </field>
                </group>
                <field id="text_font" translate="label" sortOrder="35" type="select" showInDefault="1" showInWebsite="1" showInStore="1" canRestore="1">
                    <label>Text Font</label>
                    <source_model>Mageplaza\Osc\Model\System\Config\Source\TextFont</source_model>
                    <frontend_model>Mageplaza\Osc\Block\Adminhtml\Config\Backend\TextFont</frontend_model>
                    <config_path>osc/design_configuration/text_font</config_path>
                </field>
                <field id="custom_css" sortOrder="100" type="textarea" showInDefault="1" showInWebsite="1" showInStore="1">
                    <label>Custom CSS</label>
                    <comment><![CDATA[Example: .step-title{background-color: #1979c3;}]]></comment>
                    <config_path>osc/design_configuration/custom_css</config_path>
                </field>
            </group>
            <group id="field_configuration" translate="label comment" sortOrder="40" type="text" showInDefault="1" showInWebsite="1" showInStore="1">
                <label>Custom Fields Configuration</label>
                <comment><![CDATA[Compatible with <a href="https://www.mageplaza.com/magento-2-customer-attributes/?utm_source=configuration&utm_medium=link&utm_campaign=one-step-checkout" target="_blank">Customer Attributes</a>]]></comment>
                <field id="field_1_label" translate="label comment" sortOrder="10" type="text" showInDefault="1" showInWebsite="1" showInStore="1" canRestore="1">
                    <label>Custom Field 1 Label</label>
                    <comment>Input text field</comment>
                </field>
                <field id="field_2_label" translate="label comment" sortOrder="20" type="text" showInDefault="1" showInWebsite="1" showInStore="1" canRestore="1">
                    <label>Custom Field 2 Label</label>
                    <comment>Input text field</comment>
                </field>
                <field id="field_3_label" translate="label comment" sortOrder="30" type="text" showInDefault="1" showInWebsite="1" showInStore="1" canRestore="1">
                    <label>Custom Field 3 Label</label>
                    <comment>Date picker field</comment>
                </field>
                <field id="show_in_customer_grid" translate="label" type="multiselect" sortOrder="40" showInDefault="1" showInWebsite="0" showInStore="0">
                    <label>Show in Customer Grid</label>
                    <source_model>Mageplaza\Osc\Model\System\Config\Source\CustomField</source_model>
                    <comment><![CDATA[Select the position to leave messages. Hold Control (Ctrl) to select/deselect multiple options.]]></comment>
                    <can_be_empty>1</can_be_empty>
                </field>
            </group>
        </section>
    </system>
</config>
