<?xml version="1.0"?>
<!-- Copyright © 2016 store.biztechconsultancy.com. All Rights Reserved. -->

<config xmlns:xsi="http://www.w3.org/2001/XMLSchema-instance" xsi:noNamespaceSchemaLocation="urn:magento:framework:Acl/etc/acl.xsd">
<acl>
    <resources>
        <resource id="Magento_Backend::admin">
            <resource id="Biztech_Translator::biztech_translatorindex" title="AppJetty Translator" translate="title" sortOrder="30">
                <resource id="Biztech_Translator::manage" title="Manage Translation" translate="title" sortOrder="10" />
                <resource id="Biztech_Translator::biztech_translatorcron" title="Bulk Product Translation" translate="title" sortOrder="20" />
                <resource id="Biztech_Translator::biztech_masstranslateinallstore" title="Bulk Product Translation in Multiple store" translate="title" sortOrder="30" />
                <resource id="Biztech_Translator::biztech_newlyaddedproducttranslateinallstore" title="Newly Added Product Translation in Multiple store" translate="title" sortOrder="40" />
            </resource>
            <resource id="Magento_Backend::stores">
                <resource id="Magento_Backend::stores_settings">
                    <resource id="Magento_Config::config">
                        <resource id="Biztech_Translator::biztech_translator" title="Appjetty Translator Module"/>
                        <resource id="Biztech_Translator::config_translator" title="Appjetty Translator Module"/>
                    </resource>
                </resource>
            </resource>
        </resource>
    </resources>
</acl>
</config>
