<?xml version="1.0"?>
<!--
/**
 * Mageplaza
 *
 * NOTICE OF LICENSE
 *
 * This source file is subject to the Mageplaza.com license that is
 * available through the world-wide-web at this URL:
 * https://www.mageplaza.com/LICENSE.txt
 *
 * DISCLAIMER
 *
 * Do not edit or add to this file if you wish to upgrade this extension to newer
 * version in the future.
 *
 * @category    Mageplaza
 * @package     Mageplaza_DeliveryTime
 * @copyright   Copyright (c) Mageplaza (https://www.mageplaza.com/)
 * @license     https://www.mageplaza.com/LICENSE.txt
 */
-->
<config xmlns:xsi="http://www.w3.org/2001/XMLSchema-instance" xsi:noNamespaceSchemaLocation="urn:magento:framework:ObjectManager/etc/config.xsd">
    <preference for="Mageplaza\DeliveryTime\Api\Data\DeliveryTimeInterface" type="Mageplaza\DeliveryTime\Model\Api\Data\DeliveryTime"/>
    <preference for="Mageplaza\DeliveryTime\Api\DeliveryTimeManagementInterface" type="Mageplaza\DeliveryTime\Model\Api\DeliveryTimeManagement"/>

    <type name="Magento\Checkout\Model\ShippingInformationManagement">
        <plugin name="mpdt_saveDeliveryInformation" type="Mageplaza\DeliveryTime\Model\Plugin\Checkout\ShippingInformationManagement"/>
    </type>
    <type name="Magento\Sales\Api\OrderRepositoryInterface">
        <plugin name="mp_delivery_information" type="Mageplaza\DeliveryTime\Plugin\Sales\Model\OrderGet"/>
    </type>
</config>
