<?xml version="1.0"?>
<!--
/**
 * Mageplaza
 *
 * NOTICE OF LICENSE
 *
 * This source file is subject to the Mageplaza.com license that is
 * available through the world-wide-web at this URL:
 * https://www.mageplaza.com/LICENSE.txt
 *
 * DISCLAIMER
 *
 * Do not edit or add to this file if you wish to upgrade this extension to newer
 * version in the future.
 *
 * @category    Mageplaza
 * @package     Mageplaza_DeliveryTime
 * @copyright   Copyright (c) Mageplaza (https://www.mageplaza.com/)
 * @license     https://www.mageplaza.com/LICENSE.txt
 */
-->
<config xmlns:xsi="http://www.w3.org/2001/XMLSchema-instance" xsi:noNamespaceSchemaLocation="urn:magento:framework:Api/etc/extension_attributes.xsd">
    <extension_attributes for="Magento\Quote\Api\Data\AddressInterface">
        <attribute code="mp_delivery_date" type="string"/>
        <attribute code="mp_delivery_time" type="string"/>
        <attribute code="mp_house_security_code" type="string"/>
        <attribute code="mp_delivery_comment" type="string"/>
    </extension_attributes>
    <extension_attributes for="Magento\Sales\Api\Data\OrderInterface">
        <attribute code="mp_delivery_date" type="string"/>
        <attribute code="mp_delivery_time" type="string"/>
        <attribute code="mp_house_security_code" type="string"/>
        <attribute code="mp_delivery_comment" type="string"/>
    </extension_attributes>
</config>
