<?xml version="1.0"?>
<!--
/**
 * @author Amasty Team
 * @copyright Copyright (c) 2023 Amasty (https://www.amasty.com)
 * @package RMA Base for Magento 2
 */-->

<config xmlns:xsi="http://www.w3.org/2001/XMLSchema-instance" xsi:noNamespaceSchemaLocation="urn:amasty:module:Amasty_ExportCore:etc/am_export.xsd">
    <entity code="amasty_rma_request_item">
        <name>Amasty RMA Request Item</name>
        <group>Amasty RMA</group>
        <collectionFactory class="Amasty\Rma\Model\Request\ResourceModel\RequestItemCollectionFactory"/>
        <fieldsConfig>
            <fieldsClass class="Amasty\ExportCore\Export\FieldsClass\Describe"/>
            <fields>
                <field name="reason_id">
                    <filter>
                        <type>select</type>
                        <options>
                            <class>Amasty\Rma\Model\OptionSource\Reason</class>
                        </options>
                    </filter>
                </field>
                <field name="condition_id">
                    <filter>
                        <type>select</type>
                        <options>
                            <class>Amasty\Rma\Model\OptionSource\Condition</class>
                        </options>
                    </filter>
                </field>
                <field name="resolution_id">
                    <filter>
                        <type>select</type>
                        <options>
                            <class>Amasty\Rma\Model\OptionSource\Resolution</class>
                        </options>
                    </filter>
                </field>
                <field name="item_status">
                    <actions>
                        <optionValue2OptionLabel>
                            <arguments>
                                <argument name="optionSource" xsi:type="object">Amasty\Rma\Model\OptionSource\State</argument>
                            </arguments>
                        </optionValue2OptionLabel>
                    </actions>
                    <filter>
                        <type>select</type>
                        <options>
                            <class>Amasty\Rma\Model\OptionSource\State</class>
                        </options>
                    </filter>
                </field>
            </fields>
        </fieldsConfig>
    </entity>
    <relation code="rma_request_request_item">
        <parent_entity>amasty_rma_request</parent_entity>
        <child_entity>amasty_rma_request_item</child_entity>
        <sub_entity_field_name>amasty_rma_request_item</sub_entity_field_name>
        <type>one_to_many</type>
        <arguments>
            <argument name="parent_field_name" xsi:type="string">request_id</argument>
            <argument name="child_field_name" xsi:type="string">request_id</argument>
        </arguments>
    </relation>
    <relation code="rma_request_item_request">
        <parent_entity>amasty_rma_request_item</parent_entity>
        <child_entity>amasty_rma_request</child_entity>
        <sub_entity_field_name>amasty_rma_request</sub_entity_field_name>
        <type>one_to_many</type>
        <arguments>
            <argument name="parent_field_name" xsi:type="string">request_id</argument>
            <argument name="child_field_name" xsi:type="string">request_id</argument>
        </arguments>
    </relation>
    <relation code="rma_request_item_sales_order_item">
        <parent_entity>amasty_rma_request_item</parent_entity>
        <child_entity>sales_order_item</child_entity>
        <sub_entity_field_name>sales_order_item</sub_entity_field_name>
        <type>one_to_many</type>
        <arguments>
            <argument name="parent_field_name" xsi:type="string">order_item_id</argument>
            <argument name="child_field_name" xsi:type="string">item_id</argument>
        </arguments>
    </relation>
    <relation code="sales_order_item_rma_request_item">
        <parent_entity>sales_order_item</parent_entity>
        <child_entity>amasty_rma_request_item</child_entity>
        <sub_entity_field_name>amasty_rma_request_item</sub_entity_field_name>
        <type>one_to_many</type>
        <arguments>
            <argument name="parent_field_name" xsi:type="string">item_id</argument>
            <argument name="child_field_name" xsi:type="string">order_item_id</argument>
        </arguments>
    </relation>
</config>
