<?xml version="1.0"?>
<!--
/**
 * @author Amasty Team
 * @copyright Copyright (c) 2023 Amasty (https://www.amasty.com)
 * @package RMA Base for Magento 2
 */-->

<config xmlns:xsi="http://www.w3.org/2001/XMLSchema-instance" xsi:noNamespaceSchemaLocation="urn:amasty:module:Amasty_ExportCore:etc/am_export.xsd">
    <entity code="amasty_rma_history">
        <name>Amasty RMA History</name>
        <group>Amasty RMA</group>
        <collectionFactory class="Amasty\Rma\Model\History\ResourceModel\CollectionFactory"/>
        <fieldsConfig>
            <fieldsClass class="Amasty\ExportCore\Export\FieldsClass\Describe"/>
            <fields>
                <field name="event_data" />
                <field name="event_type">
                    <actions>
                        <optionValue2OptionLabel>
                            <arguments>
                                <argument name="optionSource" xsi:type="object">Amasty\Rma\Model\OptionSource\EventType</argument>
                            </arguments>
                        </optionValue2OptionLabel>
                    </actions>
                    <filter>
                        <type>select</type>
                        <options>
                            <class>Amasty\Rma\Model\OptionSource\EventType</class>
                        </options>
                    </filter>
                </field>
                <field name="event_initiator">
                    <actions>
                        <optionValue2OptionLabel>
                            <arguments>
                                <argument name="optionSource" xsi:type="object">Amasty\Rma\Model\OptionSource\EventInitiator</argument>
                            </arguments>
                        </optionValue2OptionLabel>
                    </actions>
                    <filter>
                        <type>select</type>
                        <options>
                            <class>Amasty\Rma\Model\OptionSource\EventInitiator</class>
                        </options>
                    </filter>
                </field>
            </fields>
        </fieldsConfig>
    </entity>
    <relation code="rma_request_history">
        <parent_entity>amasty_rma_request</parent_entity>
        <child_entity>amasty_rma_history</child_entity>
        <sub_entity_field_name>amasty_rma_history</sub_entity_field_name>
        <type>one_to_many</type>
        <arguments>
            <argument name="parent_field_name" xsi:type="string">request_id</argument>
            <argument name="child_field_name" xsi:type="string">request_id</argument>
        </arguments>
    </relation>
    <relation code="rma_history_request">
        <parent_entity>amasty_rma_history</parent_entity>
        <child_entity>amasty_rma_request</child_entity>
        <sub_entity_field_name>amasty_rma_request</sub_entity_field_name>
        <type>one_to_many</type>
        <arguments>
            <argument name="parent_field_name" xsi:type="string">request_id</argument>
            <argument name="child_field_name" xsi:type="string">request_id</argument>
        </arguments>
    </relation>
</config>
