<?xml version="1.0"?>
<!--
/**
 * @author Amasty Team
 * @copyright Copyright (c) Amasty (https://www.amasty.com)
 * @package Improved Sorting for Magento 2
 */-->

<config xmlns:xsi="http://www.w3.org/2001/XMLSchema-instance"
            xsi:noNamespaceSchemaLocation="urn:magento:framework:Module/etc/module.xsd">
    <module name="Amasty_Sorting" setup_version="2.8.2">
        <sequence>
            <module name="Magento_Catalog" />
            <module name="Magento_ConfigurableProduct" />
            <module name="Magento_CatalogSearch" />
            <module name="Amasty_CompositeProductPriceIndexer" />
        </sequence>
    </module>
</config>
