<?xml version="1.0"?>
<!--
/**
 * @author Amasty Team
 * @copyright Copyright (c) Amasty (https://www.amasty.com)
 * @package Improved Sorting for Magento 2
 */-->

<view xmlns:xsi="http://www.w3.org/2001/XMLSchema-instance" xsi:noNamespaceSchemaLocation="urn:magento:framework:Config/etc/view.xsd">
    <media>
        <images module="Magento_Catalog">
            <image id="featured_products_sidebar" type="small_image">
                <width>78</width>
                <height>78</height>
            </image>
            <image id="featured_products_content" type="small_image">
                <width>240</width>
                <height>300</height>
            </image>
        </images>
    </media>
</view>
