<?xml version="1.0"?>
<!--
/**
 * @author Amasty Team
 * @copyright Copyright (c) Amasty (https://www.amasty.com)
 * @package Shop by Base for Magento 2 (System)
 */-->
<config xmlns:xsi="http://www.w3.org/2001/XMLSchema-instance"
        xsi:noNamespaceSchemaLocation="urn:magento:framework:Acl/etc/acl.xsd">
    <acl>
        <resources>
            <resource id="Magento_Backend::admin">
                <resource id="Magento_Backend::content">
                    <resource id="Amasty_ShopbyBase::layered_navigation" title="Amasty: Layered Navigation" sortOrder="30" >
                    </resource>
                </resource>
                <resource id="Magento_Backend::stores">
                    <resource id="Amasty_ShopbyBase::layered_navigation_stores" title="Layered Navigation" sortOrder="50">
                        <resource id="Amasty_ShopbyBase::option" title="Amasty Attribute Options Settings" sortOrder="0"/>
                    </resource>
                    <resource id="Magento_Backend::stores_settings">
                        <resource id="Magento_Config::config">
                            <resource id="Amasty_ShopbyBase::config" title="Improved Layered Navigation" sortOrder="11318" />
                        </resource>
                    </resource>
                </resource>
            </resource>
        </resources>
    </acl>
</config>
